model,coverage_90_mean,coverage_90_sd,avg_interval_width_mean,avg_interval_width_sd,pinball_05_mean,pinball_05_sd,pinball_50_mean,pinball_50_sd,pinball_95_mean,pinball_95_sd,pinball_mean_mean,pinball_mean_sd
TabPFN,0.8938566552901024,0.016650253812492136,0.3055087387561798,0.005558144070393047,0.013019637363084147,0.0017346860222039817,0.03766545554874465,0.002094727619371973,0.009943288582688049,0.0006203957126238944,0.020209460498172283,0.0013639314587741455
XGBoost Quantile,0.8375426621160409,0.03784011853135172,0.34777264595031737,0.024704739219017224,0.01580402968230544,0.0017585046401641692,0.04053343597974448,0.0017319452916167283,0.013029400636179595,0.0012156485102549541,0.023122288766076506,0.0015077491595213777
OLS,0.9443686006825939,0.010966736527685724,0.46396812982772423,0.006930907562846456,0.016365113506765575,0.0013686445613108895,0.04511843611311848,0.0017180932647454866,0.01367217584923964,0.00038924418958895246,0.025051908489707897,0.0008862243994637504
