,mean,std
rmse,0.15437337736035117,0.0015462887625908334
mae,0.10744802658104571,0.0009812634214612782
r2,0.9140298884286254,0.0027248230317114975
elapsed_seconds,597.1918173800004,8.401182937983547
